,,,,,,,,,,,,,,,,,,,,,,,,,,,,,,,,,,,,
,RESPONSIBILITY,,,,,,,,,,,,,CAPACITY,,,,,,,,,,,,,EQUALITY,,,,,,,,,
,2020,2030,2040,2050,2060,2070,2080,2090,2100,Cumulative Gt CO2,,,,2020,2030,2040,2050,2060,2070,2080,2090,2100,Cumulative Gt CO2,,,,2020,2030,2040,2050,2060,2070,2080,2090,2100,Cumulative Gt CO2
AFG,0.00,0.40,3.97,9.26,16.00,26.45,36.24,42.85,46.56,0.18,,,AFG,0.00,0.32,2.77,5.88,9.00,13.60,17.41,19.65,20.86,0.09,,,AFG,,0.00,0.01,0.02,0.04,0.08,0.12,0.15,0.17,0.57
ALB,0.00,2.94,29.40,68.60,118.58,196.00,268.52,317.53,344.97,1.35,,,ALB,0.00,3.12,32.76,80.00,148.83,264.12,388.30,497.47,590.24,2.00,,,ALB,,0.00,0.00,0.00,0.00,0.00,0.00,0.00,0.00,0.00
DZA,0.00,5.33,53.27,124.29,214.84,355.11,486.50,575.27,624.99,2.44,,,DZA,0.00,2.86,26.94,60.29,97.94,153.55,202.49,232.58,246.62,1.02,,,DZA,,0.00,0.01,0.02,0.03,0.06,0.09,0.11,0.13,0.45
AGO,0.00,1.56,15.63,36.47,63.03,104.19,142.74,168.79,183.37,0.72,,,AGO,0.00,1.93,15.38,30.10,40.50,53.80,60.49,59.47,54.91,0.32,,,AGO,,0.00,0.01,0.02,0.05,0.14,0.27,0.46,0.68,1.63
ATG,0.00,6.49,64.88,151.38,261.68,432.52,592.56,700.69,761.24,2.97,,,ATG,0.00,8.31,80.55,184.05,311.23,507.37,685.84,800.29,862.83,3.44,,,ATG,,0.00,0.00,0.00,0.00,0.00,0.00,0.00,0.00,0.00
ARG,0.00,8.31,83.08,193.86,335.10,553.88,758.82,897.29,974.84,3.81,,,ARG,0.00,7.21,70.25,160.07,266.84,426.25,566.63,654.02,698.86,2.85,,,ARG,,0.00,0.01,0.02,0.03,0.06,0.08,0.10,0.11,0.41
ARM,0.00,7.20,72.01,168.03,290.45,480.08,657.71,777.73,844.94,3.30,,,ARM,0.00,2.42,25.65,62.53,114.72,200.70,291.59,367.64,426.64,1.49,,,ARM,,0.00,0.00,0.00,0.00,0.00,0.00,0.00,0.00,0.00
AUS,0.00,28.94,289.38,675.21,1167.15,1929.18,2642.97,3125.26,3395.35,13.25,,,AUS,0.00,36.04,343.22,769.73,1250.79,1942.60,2502.80,2785.95,2862.86,12.49,,,AUS,,0.00,0.00,0.01,0.01,0.02,0.03,0.04,0.05,0.17
AUT,0.00,21.71,217.08,506.52,875.55,1447.19,1982.65,2344.45,2547.05,9.94,,,AUT,0.00,34.19,352.22,838.89,1487.43,2506.64,3475.79,4132.76,4493.51,17.32,,,AUT,,0.00,0.00,0.00,0.00,0.00,0.00,0.00,0.00,0.01
AZE,0.00,7.89,78.94,184.20,318.40,526.28,721.01,852.58,926.26,3.62,,,AZE,0.00,4.03,40.15,93.71,162.99,272.81,379.65,457.06,505.29,1.92,,,AZE,,0.00,0.00,0.00,0.00,0.00,0.00,0.00,0.00,0.01
BHS,0.00,14.83,148.28,345.98,598.06,988.53,1354.28,1601.41,1739.81,6.79,,,BHS,0.00,14.96,146.06,336.19,571.36,930.21,1256.99,1470.87,1588.50,6.32,,,BHS,,0.00,0.00,0.00,0.00,0.00,0.00,0.00,0.00,0.00
BHR,0.00,34.86,348.63,813.47,1406.15,2324.21,3184.17,3765.22,4090.61,15.97,,,BHR,0.00,11.65,104.78,232.61,382.47,610.38,813.60,946.80,1031.28,4.13,,,BHR,,0.00,0.00,0.00,0.00,0.00,0.00,0.00,0.00,0.00
BGD,0.00,0.26,2.56,5.97,10.32,17.06,23.38,27.64,30.03,0.12,,,BGD,0.00,0.52,5.02,11.48,19.45,31.88,43.73,52.38,58.37,0.22,,,BGD,,0.01,0.10,0.24,0.44,0.73,0.98,1.12,1.15,4.77
BRB,0.00,5.67,56.68,132.25,228.60,377.85,517.66,612.12,665.02,2.60,,,BRB,0.00,11.90,123.70,297.25,534.31,907.41,1260.76,1497.99,1628.25,6.26,,,BRB,,0.00,0.00,0.00,0.00,0.00,0.00,0.00,0.00,0.00
BLR,0.00,18.77,187.71,437.99,757.11,1251.41,1714.44,2027.29,2202.49,8.60,,,BLR,0.00,4.51,48.45,118.69,216.43,370.36,520.24,624.92,681.69,2.59,,,BLR,,0.00,0.00,0.00,0.00,0.00,0.00,0.00,0.00,0.01
BEL,0.00,34.79,347.89,811.73,1403.14,2319.24,3177.36,3757.17,4081.87,15.93,,,BEL,0.00,32.02,325.78,764.28,1322.01,2170.28,2931.84,3395.64,3601.16,14.54,,,BEL,,0.00,0.00,0.00,0.00,0.00,0.00,0.00,0.01,0.02
BLZ,0.00,1.90,19.00,44.33,76.62,126.64,173.50,205.16,222.89,0.87,,,BLZ,0.00,2.70,24.27,52.68,83.02,127.51,164.71,186.07,195.78,0.84,,,BLZ,,0.00,0.00,0.00,0.00,0.00,0.00,0.00,0.00,0.00
BEN,0.00,0.35,3.53,8.24,14.25,23.55,32.26,38.15,41.45,0.16,,,BEN,0.00,0.44,3.69,7.50,10.66,14.83,17.40,17.83,17.12,0.09,,,BEN,,0.00,0.00,0.00,0.01,0.01,0.02,0.04,0.05,0.13
BTN,0.00,0.47,4.73,11.05,19.10,31.56,43.24,51.13,55.55,0.22,,,BTN,0.00,1.46,14.11,32.30,54.72,89.60,123.13,148.06,165.09,0.63,,,BTN,,0.00,0.00,0.00,0.00,0.00,0.00,0.00,0.00,0.00
BOL,0.00,1.60,15.96,37.23,64.35,106.37,145.73,172.32,187.21,0.73,,,BOL,0.00,1.31,12.20,26.94,43.22,67.13,87.31,99.04,104.57,0.44,,,BOL,,0.00,0.00,0.00,0.00,0.00,0.01,0.01,0.01,0.04
BIH,0.00,10.63,106.30,248.04,428.76,708.69,970.90,1148.08,1247.29,4.87,,,BIH,0.00,3.78,40.53,99.91,186.58,328.68,475.70,594.37,680.21,2.41,,,BIH,,0.00,0.00,0.00,0.00,0.00,0.00,0.00,0.00,0.00
BWA,0.00,1.99,19.92,46.48,80.34,132.80,181.94,215.14,233.73,0.91,,,BWA,0.00,4.07,37.36,82.04,130.94,203.42,266.04,303.88,322.33,1.35,,,BWA,,0.00,0.00,0.00,0.00,0.00,0.00,0.00,0.00,0.00
BRA,0.00,2.78,27.79,64.84,112.08,185.26,253.80,300.11,326.05,1.27,,,BRA,0.00,7.95,79.37,185.52,322.84,539.72,752.51,913.97,1027.01,3.83,,,BRA,,0.02,0.15,0.35,0.59,0.94,1.24,1.37,1.38,6.04
BRN,0.00,12.48,124.77,291.14,503.25,831.82,1139.59,1347.55,1464.00,5.71,,,BRN,0.00,23.73,227.83,519.32,876.83,1434.41,1966.27,2345.91,2580.01,9.97,,,BRN,,0.00,0.00,0.00,0.00,0.00,0.00,0.00,0.00,0.00
BGR,0.00,12.45,124.50,290.49,502.14,829.98,1137.07,1344.56,1460.76,5.70,,,BGR,0.00,5.61,62.99,160.10,307.91,554.28,818.35,1030.90,1170.52,4.11,,,BGR,,0.00,0.00,0.00,0.00,0.00,0.00,0.00,0.00,0.00
BFA,0.00,0.13,1.28,2.98,5.15,8.52,11.67,13.80,14.99,0.06,,,BFA,0.00,0.33,2.72,5.46,7.64,10.53,12.26,12.50,11.96,0.06,,,BFA,,0.00,0.00,0.01,0.02,0.04,0.08,0.12,0.17,0.44
BDI,0.00,0.08,0.78,1.83,3.16,5.22,7.15,8.46,9.19,0.04,,,BDI,0.00,0.13,1.07,2.13,2.92,3.94,4.50,4.49,4.20,0.02,,,BDI,,0.00,0.00,0.00,0.01,0.02,0.03,0.05,0.07,0.17
CPV,0.00,0.65,6.45,15.05,26.02,43.01,58.93,69.68,75.70,0.30,,,CPV,0.00,2.26,21.36,47.86,78.59,125.07,167.05,195.48,213.18,0.85,,,CPV,,0.00,0.00,0.00,0.00,0.00,0.00,0.00,0.00,0.00
KHM,0.00,0.17,1.71,3.98,6.88,11.38,15.59,18.44,20.03,0.08,,,KHM,0.00,0.52,4.88,10.89,17.76,28.06,37.18,43.00,46.23,0.19,,,KHM,,0.00,0.00,0.00,0.01,0.01,0.01,0.02,0.02,0.06
CMR,0.00,0.42,4.22,9.85,17.02,28.14,38.55,45.58,49.52,0.19,,,CMR,0.00,0.70,5.92,12.11,17.32,24.19,28.45,29.20,28.04,0.15,,,CMR,,0.00,0.00,0.01,0.02,0.05,0.10,0.15,0.21,0.56
CAN,0.00,38.81,388.06,905.48,1565.19,2587.10,3544.32,4191.10,4553.29,17.77,,,CAN,0.00,33.01,322.64,738.45,1238.20,1978.22,2605.21,2952.18,3082.92,12.95,,,CAN,,0.00,0.00,0.01,0.02,0.04,0.06,0.07,0.08,0.28
CAF,0.00,0.19,1.91,4.46,7.70,12.73,17.44,20.63,22.41,0.09,,,CAF,0.00,0.31,2.68,5.54,8.11,11.61,13.99,14.77,14.64,0.07,,,CAF,,0.00,0.00,0.00,0.00,0.00,0.00,0.00,0.01,0.02
TCD,0.00,0.06,0.65,1.51,2.61,4.32,5.92,7.00,7.60,0.03,,,TCD,0.00,0.50,4.12,8.29,11.63,16.09,18.83,19.31,18.61,0.10,,,TCD,,0.00,0.00,0.00,0.01,0.03,0.05,0.07,0.10,0.26
CHL,0.00,6.27,62.74,146.39,253.04,418.25,573.00,677.56,736.12,2.87,,,CHL,0.00,9.06,89.83,208.47,358.60,592.02,812.38,966.34,1061.54,4.10,,,CHL,,0.00,0.00,0.00,0.00,0.01,0.01,0.01,0.01,0.05
CHN,0.00,4.43,44.28,103.33,178.61,295.23,404.46,478.27,519.60,2.03,,,CHN,0.00,3.29,34.16,82.35,149.81,260.97,376.35,467.29,529.98,1.90,,,CHN,,0.68,6.23,13.56,20.97,30.96,37.88,40.14,39.56,189.97
COL,0.00,2.60,25.97,60.61,104.76,173.16,237.23,280.52,304.76,1.19,,,COL,0.00,4.40,43.78,102.25,178.19,298.73,416.93,505.70,567.23,2.12,,,COL,,0.00,0.01,0.02,0.03,0.05,0.07,0.08,0.08,0.33
COM,0.00,0.26,2.62,6.11,10.56,17.46,23.92,28.29,30.73,0.12,,,COM,0.00,0.47,4.11,8.67,13.00,19.01,23.36,25.06,25.12,0.12,,,COM,,0.00,0.00,0.00,0.00,0.00,0.00,0.00,0.00,0.00
COG,0.00,1.18,11.81,27.56,47.64,78.75,107.89,127.58,138.60,0.54,,,COG,0.00,0.10,0.83,1.64,2.25,3.06,3.54,3.59,3.44,0.02,,,COG,,0.00,0.04,0.14,0.37,0.88,1.68,2.65,3.66,9.41
CRI,0.00,1.72,17.24,40.23,69.54,114.95,157.48,186.22,202.31,0.79,,,CRI,0.00,5.68,55.84,128.94,220.72,364.03,500.92,600.15,666.44,2.54,,,CRI,,0.00,0.00,0.00,0.00,0.00,0.00,0.00,0.00,0.00
CIV,0.00,0.57,5.70,13.30,22.98,37.99,52.05,61.54,66.86,0.26,,,CIV,0.00,0.73,6.17,12.56,17.77,24.50,28.37,28.60,26.96,0.15,,,CIV,,0.00,0.00,0.01,0.03,0.06,0.11,0.18,0.26,0.65
HRV,0.00,6.80,67.97,158.60,274.15,453.14,620.81,734.09,797.53,3.11,,,HRV,0.00,11.15,122.82,305.54,572.99,1012.36,1469.81,1833.89,2087.94,7.42,,,HRV,,0.00,0.00,0.00,0.00,0.00,0.00,0.00,0.00,0.00
CUB,0.00,5.56,55.57,129.67,224.14,370.48,507.55,600.17,652.04,2.55,,,CUB,0.00,4.31,45.10,109.10,199.01,347.65,503.31,624.38,704.98,2.54,,,CUB,,0.00,0.00,0.00,0.00,0.00,0.00,0.00,0.00,0.01
CYP,0.00,8.34,83.40,194.59,336.37,555.98,761.69,900.69,978.52,3.82,,,CYP,0.00,16.29,161.64,373.29,634.43,1034.17,1403.41,1652.46,1797.04,7.07,,,CYP,,0.00,0.00,0.00,0.00,0.00,0.00,0.00,0.00,0.00
CZE,0.00,39.11,391.08,912.53,1577.37,2607.22,3571.89,4223.70,4588.71,17.91,,,CZE,0.00,14.98,158.34,384.62,694.04,1180.23,1661.00,2005.77,2191.14,8.29,,,CZE,,0.00,0.00,0.00,0.00,0.00,0.00,0.00,0.00,0.01
COD,0.00,0.20,1.99,4.64,8.02,13.25,18.15,21.46,23.32,0.09,,,COD,0.00,2.78,23.22,46.82,65.59,89.99,103.76,104.15,97.86,0.53,,,COD,,0.00,0.00,0.00,0.00,0.00,0.01,0.01,0.01,0.03
DNK,0.00,21.08,210.79,491.84,850.18,1405.26,1925.20,2276.52,2473.25,9.65,,,DNK,0.00,42.74,432.43,1011.74,1743.44,2839.86,3794.09,4349.11,4588.07,18.80,,,DNK,,0.00,0.00,0.00,0.00,0.00,0.00,0.00,0.00,0.01
DJI,0.00,1.66,16.64,38.82,67.11,110.92,151.96,179.69,195.22,0.76,,,DJI,0.00,0.82,7.69,17.19,28.26,45.18,60.67,71.28,77.73,0.31,,,DJI,,0.00,0.00,0.00,0.00,0.00,0.00,0.00,0.00,0.00
DMA,0.00,1.27,12.65,29.52,51.03,84.35,115.56,136.65,148.46,0.58,,,DMA,0.00,5.06,51.47,122.37,217.51,370.16,525.51,649.71,744.73,2.69,,,DMA,,0.00,0.00,0.00,0.00,0.00,0.00,0.00,0.00,0.00
DOM,0.00,2.18,21.81,50.88,87.95,145.37,199.16,235.50,255.85,1.00,,,DOM,0.00,3.68,35.70,81.56,137.62,224.08,304.49,360.14,395.62,1.54,,,DOM,,0.00,0.00,0.00,0.00,0.00,0.00,0.01,0.01,0.02
ECU,0.00,2.62,26.21,61.15,105.71,174.73,239.37,283.06,307.52,1.20,,,ECU,0.00,3.09,29.02,64.70,105.36,165.99,218.79,251.39,268.69,1.11,,,ECU,,0.00,0.00,0.00,0.01,0.01,0.01,0.02,0.02,0.07
EGY,0.00,2.69,26.90,62.77,108.51,179.36,245.72,290.56,315.67,1.23,,,EGY,0.00,1.60,14.67,31.80,49.49,74.91,95.10,104.95,107.63,0.48,,,EGY,,0.00,0.04,0.11,0.24,0.46,0.73,0.98,1.18,3.76
SLV,0.00,1.16,11.63,27.14,46.90,77.53,106.21,125.60,136.45,0.53,,,SLV,0.00,2.54,25.56,59.82,104.12,173.87,242.32,295.59,337.00,1.24,,,SLV,,0.00,0.00,0.00,0.00,0.00,0.00,0.00,0.00,0.01
GNQ,0.00,2.52,25.16,58.71,101.48,167.74,229.80,271.73,295.22,1.15,,,GNQ,0.00,8.92,72.42,146.52,209.00,293.85,350.06,366.48,360.57,1.81,,,GNQ,,0.00,0.00,0.00,0.00,0.00,0.00,0.00,0.00,0.00
ERI,0.00,0.13,1.31,3.05,5.28,8.72,11.95,14.13,15.35,0.06,,,ERI,0.00,0.30,2.60,5.40,7.95,11.48,13.96,14.85,14.79,0.07,,,ERI,,0.00,0.00,0.00,0.00,0.00,0.00,0.00,0.01,0.02
EST,0.00,63.20,631.97,1474.59,2548.93,4213.11,5771.97,6825.24,7415.08,28.94,,,EST,0.00,11.53,124.89,308.00,569.06,992.01,1426.01,1761.11,1977.24,7.17,,,EST,,0.00,0.00,0.00,0.00,0.00,0.00,0.00,0.00,0.00
ETH,0.00,0.09,0.86,2.00,3.45,5.71,7.82,9.25,10.05,0.04,,,ETH,0.00,0.18,1.58,3.33,5.01,7.42,9.28,10.20,10.52,0.05,,,ETH,,0.00,0.06,0.16,0.36,0.74,1.20,1.62,1.93,6.06
FJI,0.00,1.76,17.63,41.14,71.11,117.53,161.01,190.40,206.85,0.81,,,FJI,0.00,2.61,26.21,61.36,106.95,178.70,247.98,298.29,331.41,1.25,,,FJI,,0.00,0.00,0.00,0.00,0.00,0.00,0.00,0.00,0.00
FIN,0.00,16.74,167.43,390.68,675.31,1116.22,1529.22,1808.28,1964.55,7.67,,,FIN,0.00,34.17,348.98,824.71,1438.81,2362.23,3176.70,3669.02,3895.71,15.75,,,FIN,,0.00,0.00,0.00,0.00,0.00,0.00,0.00,0.00,0.00
FRA,0.00,20.18,201.83,470.95,814.06,1345.56,1843.42,2179.81,2368.19,9.24,,,FRA,0.00,30.99,315.23,738.85,1278.96,2101.07,2834.42,3273.01,3461.51,14.03,,,FRA,,0.00,0.01,0.03,0.05,0.09,0.13,0.15,0.17,0.64
GAB,0.00,5.79,57.90,135.11,233.54,386.02,528.85,625.36,679.40,2.65,,,GAB,0.00,5.14,45.50,96.62,146.06,215.11,266.79,288.76,291.44,1.36,,,GAB,,0.00,0.00,0.00,0.00,0.00,0.00,0.00,0.00,0.00
GMB,0.00,0.34,3.35,7.82,13.53,22.36,30.63,36.22,39.35,0.15,,,GMB,0.00,0.32,2.63,5.33,7.61,10.76,12.93,13.65,13.58,0.07,,,GMB,,0.00,0.00,0.00,0.00,0.00,0.00,0.00,0.00,0.00
GEO,0.00,7.75,77.49,180.80,312.53,516.58,707.72,836.86,909.19,3.55,,,GEO,0.00,2.30,24.94,61.56,114.34,200.75,289.74,358.64,405.26,1.46,,,GEO,,0.00,0.00,0.00,0.00,0.00,0.00,0.00,0.00,0.00
DEU,0.00,32.75,327.48,764.11,1320.82,2183.18,2990.96,3536.75,3842.40,15.00,,,DEU,0.00,31.85,335.00,807.18,1452.38,2474.65,3451.48,4117.58,4496.74,17.17,,,DEU,,0.00,0.02,0.04,0.07,0.11,0.14,0.16,0.17,0.72
GHA,0.00,0.74,7.44,17.36,30.00,49.59,67.94,80.34,87.28,0.34,,,GHA,0.00,0.81,7.10,14.99,22.50,32.89,40.40,43.24,43.19,0.21,,,GHA,,0.00,0.00,0.01,0.03,0.05,0.09,0.13,0.17,0.48
GRC,0.00,10.33,103.29,241.02,416.62,688.63,943.42,1115.58,1211.99,4.73,,,GRC,0.00,20.75,223.15,545.04,1002.17,1762.00,2564.57,3195.42,3606.25,12.92,,,GRC,,0.00,0.00,0.00,0.00,0.00,0.00,0.00,0.00,0.01
GRD,0.00,1.53,15.26,35.61,61.55,101.73,139.37,164.81,179.05,0.70,,,GRD,0.00,5.43,55.61,132.55,237.09,409.07,593.52,756.26,894.42,3.08,,,GRD,,0.00,0.00,0.00,0.00,0.00,0.00,0.00,0.00,0.00
GTM,0.00,1.05,10.45,24.39,42.15,69.67,95.45,112.87,122.62,0.48,,,GTM,0.00,1.78,15.99,34.60,54.09,82.32,105.33,118.01,123.73,0.54,,,GTM,,0.00,0.00,0.00,0.01,0.01,0.02,0.03,0.03,0.11
GIN,0.00,0.32,3.19,7.45,12.87,21.27,29.14,34.46,37.44,0.15,,,GIN,0.00,0.26,2.22,4.53,6.45,9.00,10.60,10.93,10.56,0.05,,,GIN,,0.00,0.00,0.00,0.01,0.02,0.03,0.04,0.06,0.16
GNB,0.00,0.26,2.63,6.14,10.61,17.54,24.03,28.41,30.87,0.12,,,GNB,0.00,0.33,2.80,5.82,8.51,12.15,14.62,15.37,15.10,0.07,,,GNB,,0.00,0.00,0.00,0.00,0.00,0.00,0.00,0.00,0.00
GUY,0.00,2.45,24.48,57.12,98.73,163.19,223.57,264.36,287.21,1.12,,,GUY,0.00,2.20,22.17,52.33,92.81,158.32,225.13,279.80,323.45,1.16,,,GUY,,0.00,0.00,0.00,0.00,0.00,0.00,0.00,0.00,0.00
HTI,0.00,0.27,2.69,6.28,10.85,17.93,24.57,29.05,31.56,0.12,,,HTI,0.00,0.45,4.35,9.86,16.47,26.64,36.16,42.88,47.21,0.18,,,HTI,,0.00,0.00,0.00,0.00,0.00,0.00,0.01,0.01,0.02
HND,0.00,1.09,10.87,25.36,43.83,72.45,99.26,117.37,127.51,0.50,,,HND,0.00,1.25,11.61,25.72,41.65,65.57,86.70,100.40,108.55,0.44,,,HND,,0.00,0.00,0.00,0.00,0.00,0.00,0.01,0.01,0.02
HUN,0.00,12.78,127.77,298.13,515.33,851.79,1166.95,1379.90,1499.15,5.85,,,HUN,0.00,10.42,113.25,280.75,523.92,917.96,1320.89,1631.37,1834.13,6.63,,,HUN,,0.00,0.00,0.00,0.00,0.00,0.00,0.00,0.00,0.01
ISL,0.00,20.63,206.35,481.48,832.28,1375.66,1884.66,2228.57,2421.16,9.45,,,ISL,0.00,29.71,294.02,680.32,1163.26,1902.74,2575.59,3011.55,3249.85,12.91,,,ISL,,0.00,0.00,0.00,0.00,0.00,0.00,0.00,0.00,0.00
IND,0.00,1.29,12.89,30.07,51.98,85.92,117.71,139.19,151.22,0.59,,,IND,0.00,0.92,8.87,20.25,34.18,55.67,75.76,89.87,98.83,0.38,,,IND,,0.64,6.76,16.34,29.35,49.55,68.11,79.19,83.12,333.05
IDN,0.00,1.65,16.51,38.53,66.60,110.08,150.81,178.33,193.74,0.76,,,IDN,0.00,2.13,20.76,47.56,80.58,131.54,178.69,210.27,228.45,0.90,,,IDN,,0.02,0.26,0.62,1.11,1.86,2.56,3.03,3.25,12.71
IRN,0.00,7.00,70.02,163.38,282.42,466.81,639.53,756.23,821.58,3.21,,,IRN,0.00,4.31,42.69,99.27,170.85,285.03,402.30,497.85,567.10,2.07,,,IRN,,0.00,0.02,0.05,0.09,0.15,0.19,0.21,0.20,0.93
IRQ,0.00,8.05,80.49,187.82,324.65,536.61,735.16,869.32,944.44,3.69,,,IRQ,0.00,2.57,21.52,43.77,62.20,86.51,101.26,103.22,98.33,0.52,,,IRQ,,0.00,0.01,0.03,0.06,0.15,0.27,0.43,0.60,1.54
IRL,0.00,13.71,137.06,319.80,552.80,913.73,1251.80,1480.24,1608.16,6.28,,,IRL,0.00,34.84,344.01,787.93,1317.79,2115.91,2825.62,3241.43,3396.81,14.06,,,IRL,,0.00,0.00,0.00,0.00,0.00,0.00,0.00,0.00,0.00
ISR,0.00,11.80,117.97,275.27,475.82,786.48,1077.48,1274.10,1384.21,5.40,,,ISR,0.00,20.64,191.35,418.58,656.58,992.42,1252.41,1369.74,1387.97,6.29,,,ISR,,0.00,0.00,0.00,0.00,0.00,0.01,0.01,0.01,0.03
ITA,0.00,11.65,116.51,271.85,469.92,776.72,1064.11,1258.29,1367.03,5.34,,,ITA,0.00,27.65,294.28,713.62,1295.22,2234.02,3166.60,3814.74,4159.70,15.71,,,ITA,,0.00,0.01,0.02,0.03,0.05,0.06,0.07,0.08,0.33
JAM,0.00,5.52,55.20,128.79,222.63,367.98,504.13,596.13,647.64,2.53,,,JAM,0.00,3.49,36.36,88.19,162.86,289.40,431.31,567.21,698.94,2.28,,,JAM,,0.00,0.00,0.00,0.00,0.00,0.00,0.00,0.00,0.00
JPN,0.00,15.07,150.70,351.62,607.81,1004.64,1376.36,1627.52,1768.17,6.90,,,JPN,0.00,34.67,376.49,933.66,1743.98,3058.14,4410.70,5458.53,6121.24,22.14,,,JPN,,0.01,0.04,0.09,0.14,0.20,0.24,0.26,0.26,1.23
JOR,0.00,3.80,38.02,88.71,153.33,253.44,347.22,410.58,446.06,1.74,,,JOR,0.00,1.99,19.31,42.25,65.89,100.05,127.94,142.71,148.33,0.65,,,JOR,,0.00,0.00,0.00,0.00,0.00,0.01,0.01,0.01,0.03
KAZ,0.00,26.67,266.66,622.21,1075.53,1777.73,2435.49,2879.93,3128.81,12.21,,,KAZ,0.00,6.07,59.23,135.08,223.71,354.33,467.43,532.25,557.79,2.34,,,KAZ,,0.00,0.00,0.00,0.01,0.01,0.01,0.02,0.02,0.07
KEN,0.00,0.53,5.32,12.41,21.45,35.46,48.58,57.44,62.41,0.24,,,KEN,0.00,0.58,4.93,10.24,15.10,21.84,26.67,28.54,28.65,0.14,,,KEN,,0.00,0.01,0.04,0.09,0.19,0.32,0.46,0.58,1.70
KWT,0.00,83.49,834.92,1948.14,3367.49,5566.11,7625.57,9017.09,9796.35,38.24,,,KWT,0.00,20.64,193.30,432.00,709.08,1130.17,1499.55,1711.96,1798.45,7.50,,,KWT,,0.00,0.00,0.00,0.00,0.00,0.00,0.00,0.00,0.00
KGZ,0.00,8.75,87.49,204.14,352.87,583.26,799.07,944.88,1026.54,4.01,,,KGZ,0.00,0.59,5.58,12.55,20.55,32.44,42.79,48.97,51.81,0.22,,,KGZ,,0.00,0.00,0.00,0.00,0.00,0.00,0.00,0.00,0.01
LAO,0.00,0.16,1.65,3.85,6.65,10.99,15.05,17.80,19.34,0.08,,,LAO,0.00,0.77,7.22,16.23,26.88,43.33,58.77,69.89,77.46,0.30,,,LAO,,0.00,0.00,0.00,0.00,0.00,0.00,0.00,0.00,0.01
LVA,0.00,8.60,85.96,200.58,346.72,573.10,785.14,928.41,1008.65,3.94,,,LVA,0.00,9.66,108.80,274.27,519.48,921.16,1337.82,1659.13,1863.27,6.69,,,LVA,,0.00,0.00,0.00,0.00,0.00,0.00,0.00,0.00,0.00
LBN,0.00,4.99,49.90,116.44,201.28,332.70,455.80,538.97,585.55,2.29,,,LBN,0.00,4.86,56.48,135.94,238.77,397.73,552.79,675.46,767.96,2.83,,,LBN,,0.00,0.00,0.00,0.00,0.00,0.00,0.00,0.00,0.00
LSO,0.00,0.15,1.54,3.59,6.21,10.27,14.06,16.63,18.07,0.07,,,LSO,0.00,0.79,7.48,16.55,26.28,40.11,51.28,57.27,59.61,0.26,,,LSO,,0.00,0.00,0.00,0.00,0.00,0.00,0.00,0.00,0.00
LBR,0.00,0.72,7.19,16.77,29.00,47.93,65.66,77.64,84.35,0.33,,,LBR,0.00,0.16,1.37,2.79,4.00,5.60,6.59,6.78,6.53,0.03,,,LBR,,0.00,0.00,0.00,0.00,0.00,0.00,0.01,0.01,0.02
LBY,0.00,14.85,148.53,346.56,599.05,990.17,1356.53,1604.08,1742.70,6.80,,,LBY,0.00,8.64,82.89,188.56,316.72,517.13,709.01,843.08,922.22,3.59,,,LBY,,0.00,0.00,0.00,0.00,0.00,0.00,0.00,0.00,0.01
LTU,0.00,10.69,106.86,249.34,431.01,712.41,975.99,1154.10,1253.83,4.89,,,LTU,0.00,10.01,109.60,273.19,512.78,900.23,1291.25,1584.96,1770.85,6.45,,,LTU,,0.00,0.00,0.00,0.00,0.00,0.00,0.00,0.00,0.00
LUX,0.00,59.49,594.88,1388.06,2399.36,3965.89,5433.27,6424.74,6979.97,27.25,,,LUX,0.00,67.40,638.99,1428.68,2318.86,3609.21,4657.53,5183.32,5318.37,23.22,,,LUX,,0.00,0.00,0.00,0.00,0.00,0.00,0.00,0.00,0.00
MDG,0.00,0.20,2.00,4.66,8.06,13.32,18.24,21.57,23.44,0.09,,,MDG,0.00,0.24,2.03,4.14,5.92,8.28,9.76,10.04,9.67,0.05,,,MDG,,0.00,0.00,0.01,0.03,0.06,0.12,0.18,0.24,0.64
MWI,0.00,0.14,1.43,3.33,5.76,9.52,13.05,15.43,16.76,0.07,,,MWI,0.00,0.26,2.17,4.37,6.13,8.47,9.91,10.19,9.85,0.05,,,MWI,,0.00,0.00,0.01,0.02,0.04,0.07,0.11,0.15,0.40
MYS,0.00,6.08,60.80,141.86,245.22,405.33,555.30,656.63,713.37,2.78,,,MYS,0.00,5.97,56.48,127.41,211.30,337.23,449.98,525.13,568.97,2.28,,,MYS,,0.00,0.00,0.01,0.02,0.03,0.05,0.06,0.06,0.23
MDV,0.00,1.62,16.16,37.71,65.19,107.75,147.62,174.55,189.64,0.74,,,MDV,0.00,3.90,37.00,83.92,139.45,224.71,307.02,370.20,416.29,1.58,,,MDV,,0.00,0.00,0.00,0.00,0.00,0.00,0.00,0.00,0.00
MLI,0.00,0.11,1.10,2.56,4.43,7.32,10.03,11.86,12.89,0.05,,,MLI,0.00,0.41,3.28,6.51,8.97,12.24,14.18,14.43,13.84,0.07,,,MLI,,0.00,0.00,0.01,0.02,0.04,0.08,0.13,0.18,0.46
MLT,0.00,6.67,66.65,155.53,268.84,444.36,608.77,719.86,782.07,3.05,,,MLT,0.00,15.48,160.33,387.36,700.99,1193.62,1674.00,2034.34,2268.46,8.43,,,MLT,,0.00,0.00,0.00,0.00,0.00,0.00,0.00,0.00,0.00
MRT,0.00,0.96,9.62,22.45,38.80,64.13,87.86,103.90,112.87,0.44,,,MRT,0.00,0.70,5.90,12.14,17.58,24.89,29.68,30.86,29.98,0.15,,,MRT,,0.00,0.00,0.00,0.00,0.00,0.00,0.00,0.01,0.02
MUS,0.00,2.29,22.86,53.34,92.20,152.39,208.78,246.87,268.21,1.05,,,MUS,0.00,6.04,62.72,150.96,274.45,475.02,676.72,832.83,944.49,3.42,,,MUS,,0.00,0.00,0.00,0.00,0.00,0.00,0.00,0.00,0.00
MEX,0.00,6.54,65.38,152.56,263.70,435.87,597.15,706.12,767.14,2.99,,,MEX,0.00,6.04,57.99,131.68,220.45,356.72,483.36,571.60,627.88,2.46,,,MEX,,0.01,0.06,0.16,0.29,0.49,0.68,0.79,0.84,3.31
FSM,0.00,2.25,22.54,52.59,90.90,150.26,205.85,243.41,264.45,1.03,,,FSM,0.00,2.10,20.36,46.52,78.71,127.82,174.06,209.44,234.92,0.89,,,FSM,,0.00,0.00,0.00,0.00,0.00,0.00,0.00,0.00,0.00
MNG,0.00,4.43,44.28,103.33,178.61,295.23,404.46,478.27,519.60,2.03,,,MNG,0.00,1.72,16.44,37.19,61.27,96.91,128.19,146.62,153.91,0.64,,,MNG,,0.00,0.00,0.00,0.00,0.00,0.00,0.00,0.00,0.00
MAR,0.00,1.67,16.72,39.01,67.43,111.45,152.69,180.55,196.16,0.77,,,MAR,0.00,1.93,18.56,42.14,70.41,113.46,152.84,179.47,195.47,0.77,,,MAR,,0.00,0.00,0.01,0.02,0.04,0.05,0.06,0.07,0.26
MOZ,0.00,0.31,3.14,7.33,12.67,20.94,28.69,33.92,36.86,0.14,,,MOZ,0.00,0.24,1.99,3.97,5.52,7.55,8.71,8.78,8.32,0.05,,,MOZ,,0.00,0.01,0.02,0.04,0.10,0.20,0.32,0.45,1.13
MMR,0.00,0.38,3.76,8.76,15.15,25.04,34.30,40.56,44.06,0.17,,,MMR,0.00,0.58,5.72,13.22,22.72,37.62,51.84,62.06,68.71,0.26,,,MMR,,0.00,0.01,0.02,0.04,0.07,0.09,0.11,0.11,0.45
NAM,0.00,0.97,9.70,22.64,39.14,64.70,88.63,104.81,113.86,0.44,,,NAM,0.00,3.22,28.56,60.90,92.72,137.47,171.73,187.86,192.20,0.87,,,NAM,,0.00,0.00,0.00,0.00,0.00,0.00,0.00,0.00,0.00
NPL,0.00,0.13,1.33,3.10,5.35,8.85,12.12,14.34,15.57,0.06,,,NPL,0.00,0.41,3.99,9.13,15.47,25.32,34.77,41.99,47.55,0.18,,,NPL,,0.00,0.00,0.01,0.01,0.02,0.03,0.04,0.04,0.15
NLD,0.00,26.31,263.09,613.88,1061.14,1753.95,2402.91,2841.39,3086.95,12.05,,,NLD,0.00,37.45,384.06,911.87,1615.24,2714.61,3738.99,4409.22,4769.18,18.58,,,NLD,,0.00,0.00,0.00,0.00,0.01,0.01,0.01,0.01,0.04
NZL,0.00,14.31,143.10,333.90,577.18,954.01,1306.99,1545.50,1679.06,6.55,,,NZL,0.00,23.33,228.34,523.70,883.07,1423.27,1894.97,2172.72,2299.97,9.45,,,NZL,,0.00,0.00,0.00,0.00,0.00,0.00,0.00,0.00,0.00
NIC,0.00,1.14,11.43,26.68,46.11,76.22,104.42,123.48,134.15,0.52,,,NIC,0.00,1.05,10.09,22.90,38.26,61.85,83.84,99.61,110.41,0.43,,,NIC,,0.00,0.00,0.00,0.00,0.00,0.00,0.00,0.00,0.01
NER,0.00,0.04,0.42,0.97,1.68,2.78,3.81,4.51,4.90,0.02,,,NER,0.00,0.18,1.37,2.57,3.21,4.00,4.27,4.01,3.57,0.02,,,NER,,0.00,0.00,0.01,0.04,0.12,0.27,0.49,0.78,1.72
NGA,0.00,1.05,10.48,24.44,42.25,69.84,95.68,113.14,122.92,0.48,,,NGA,0.00,1.38,11.57,23.44,33.02,45.50,52.87,53.66,51.09,0.27,,,NGA,,0.01,0.20,0.62,1.60,3.77,7.09,11.21,15.65,40.16
NOR,0.00,29.01,290.11,676.93,1170.12,1934.08,2649.69,3133.21,3403.98,13.29,,,NOR,0.00,60.50,584.81,1324.42,2185.64,3443.85,4490.61,5049.35,5238.64,22.38,,,NOR,,0.00,0.00,0.00,0.00,0.00,0.00,0.00,0.00,0.01
OMN,0.00,11.04,110.36,257.50,445.11,735.72,1007.94,1191.87,1294.87,5.05,,,OMN,0.00,8.76,81.26,183.08,301.45,477.19,635.73,743.81,812.21,3.24,,,OMN,,0.00,0.00,0.00,0.00,0.00,0.00,0.00,0.00,0.01
PAK,0.00,0.92,9.15,21.36,36.92,61.03,83.61,98.87,107.42,0.42,,,PAK,0.00,0.64,5.85,12.73,20.03,30.73,39.74,44.93,47.35,0.20,,,PAK,,0.01,0.17,0.46,0.96,1.82,2.77,3.54,4.04,13.78
PAN,0.00,2.68,26.79,62.51,108.05,178.60,244.69,289.34,314.34,1.23,,,PAN,0.00,5.19,48.35,107.24,173.20,270.76,354.07,402.65,424.70,1.79,,,PAN,,0.00,0.00,0.00,0.00,0.00,0.00,0.00,0.00,0.00
PNG,0.00,0.80,7.99,18.63,32.21,53.24,72.93,86.24,93.69,0.37,,,PNG,0.00,0.85,7.61,16.26,24.91,37.13,46.43,50.64,51.53,0.24,,,PNG,,0.00,0.00,0.00,0.00,0.00,0.01,0.01,0.01,0.03
PRY,0.00,0.84,8.44,19.68,34.03,56.24,77.05,91.11,98.99,0.39,,,PRY,0.00,2.18,20.82,46.98,77.90,124.74,167.21,195.94,213.57,0.85,,,PRY,,0.00,0.00,0.00,0.00,0.00,0.00,0.00,0.00,0.01
PER,0.00,3.07,30.75,71.74,124.01,204.97,280.81,332.05,360.75,1.41,,,PER,0.00,3.41,32.63,73.78,122.51,196.45,263.37,307.62,333.62,1.33,,,PER,,0.00,0.00,0.01,0.02,0.03,0.05,0.05,0.06,0.22
PHL,0.00,1.37,13.70,31.98,55.27,91.36,125.16,148.00,160.79,0.63,,,PHL,0.00,1.40,13.01,28.73,46.13,71.68,93.14,105.43,110.95,0.47,,,PHL,,0.00,0.05,0.12,0.24,0.44,0.66,0.84,0.96,3.30
POL,0.00,21.06,210.60,491.41,849.44,1404.03,1923.52,2274.53,2471.10,9.65,,,POL,0.00,9.72,105.17,260.90,490.89,874.72,1291.15,1654.33,1935.16,6.62,,,POL,,0.00,0.00,0.01,0.01,0.02,0.02,0.02,0.02,0.10
PRT,0.00,7.15,71.52,166.88,288.46,476.80,653.21,772.41,839.16,3.28,,,PRT,0.00,17.94,193.86,476.14,882.86,1559.14,2272.06,2833.21,3205.31,11.44,,,PRT,,0.00,0.00,0.00,0.00,0.00,0.00,0.00,0.00,0.01
KOR,0.00,9.81,98.11,228.92,395.71,654.06,896.07,1059.58,1151.15,4.49,,,KOR,0.00,16.35,167.77,401.24,726.84,1265.02,1819.69,2253.40,2545.49,9.20,,,KOR,,0.00,0.01,0.02,0.03,0.04,0.05,0.06,0.06,0.26
MDA,0.00,8.59,85.89,200.41,346.41,572.59,784.44,927.59,1007.75,3.93,,,MDA,0.00,1.11,12.14,30.42,58.21,105.75,159.76,209.75,250.08,0.83,,,MDA,,0.00,0.00,0.00,0.00,0.00,0.00,0.00,0.00,0.00
ROU,0.00,10.07,100.68,234.92,406.07,671.20,919.54,1087.34,1181.31,4.61,,,ROU,0.00,6.67,73.01,181.42,340.39,602.38,875.96,1091.22,1235.95,4.41,,,ROU,,0.00,0.00,0.00,0.00,0.00,0.01,0.01,0.01,0.03
RUS,0.00,21.94,219.36,511.85,884.76,1462.42,2003.51,2369.11,2573.85,10.05,,,RUS,0.00,8.16,87.27,213.40,386.94,656.61,914.87,1088.34,1172.53,4.53,,,RUS,,0.01,0.06,0.13,0.20,0.30,0.40,0.46,0.50,2.06
RWA,0.00,0.10,1.03,2.39,4.14,6.84,9.37,11.08,12.04,0.05,,,RWA,0.00,0.34,2.93,6.17,9.30,13.80,17.31,19.06,19.69,0.09,,,RWA,,0.00,0.00,0.00,0.00,0.01,0.02,0.02,0.02,0.08
KNA,0.00,3.59,35.93,83.84,144.92,239.54,328.16,388.05,421.58,1.65,,,KNA,0.00,9.55,94.37,219.25,379.00,630.71,873.80,1048.41,1157.88,4.41,,,KNA,,0.00,0.00,0.00,0.00,0.00,0.00,0.00,0.00,0.00
LCA,0.00,1.90,19.03,44.41,76.77,126.89,173.83,205.56,223.32,0.87,,,LCA,0.00,5.27,53.86,128.19,229.42,394.37,565.35,707.45,820.80,2.90,,,LCA,,0.00,0.00,0.00,0.00,0.00,0.00,0.00,0.00,0.00
VCT,0.00,1.23,12.33,28.78,49.74,82.22,112.64,133.19,144.70,0.56,,,VCT,0.00,4.73,49.03,117.05,209.68,360.56,516.15,643.31,742.97,2.64,,,VCT,,0.00,0.00,0.00,0.00,0.00,0.00,0.00,0.00,0.00
WSM,0.00,1.06,10.58,24.68,42.67,70.52,96.62,114.25,124.12,0.48,,,WSM,0.00,2.53,25.10,56.75,93.52,148.58,195.23,221.26,233.29,0.98,,,WSM,,0.00,0.00,0.00,0.00,0.00,0.00,0.00,0.00,0.00
STP,0.00,0.67,6.69,15.61,26.98,44.59,61.09,72.24,78.48,0.31,,,STP,0.00,0.70,6.06,12.66,18.73,27.05,32.81,34.65,34.15,0.17,,,STP,,0.00,0.00,0.00,0.00,0.00,0.00,0.00,0.00,0.00
SAU,0.00,21.24,212.36,495.50,856.51,1415.72,1939.54,2293.47,2491.67,9.73,,,SAU,0.00,11.68,108.97,244.61,404.44,649.02,875.19,1027.52,1112.53,4.43,,,SAU,,0.00,0.00,0.01,0.02,0.04,0.05,0.06,0.07,0.26
SEN,0.00,0.66,6.65,15.51,26.80,44.31,60.70,71.77,77.98,0.30,,,SEN,0.00,0.58,4.83,9.82,13.91,19.30,22.58,23.03,21.95,0.12,,,SEN,,0.00,0.00,0.00,0.01,0.03,0.05,0.07,0.10,0.27
SRB,0.00,9.22,92.23,215.21,372.01,614.90,842.41,996.14,1082.22,4.22,,,SRB,0.00,3.49,37.92,94.09,176.18,310.01,448.07,557.77,635.00,2.26,,,SRB,,0.00,0.00,0.00,0.00,0.00,0.00,0.00,0.00,0.01
SYC,0.00,5.64,56.38,131.55,227.39,375.84,514.91,608.87,661.49,2.58,,,SYC,0.00,7.76,79.92,190.32,338.88,578.76,817.98,991.15,1096.38,4.10,,,SYC,,0.00,0.00,0.00,0.00,0.00,0.00,0.00,0.00,0.00
SLE,0.00,0.26,2.65,6.17,10.67,17.64,24.17,28.58,31.05,0.12,,,SLE,0.00,0.25,2.21,4.71,7.18,10.71,13.48,14.88,15.42,0.07,,,SLE,,0.00,0.00,0.00,0.00,0.00,0.01,0.01,0.01,0.03
SGP,0.00,14.54,145.40,339.28,586.46,969.36,1328.02,1570.36,1706.08,6.66,,,SGP,0.00,30.65,302.43,702.71,1221.69,2053.58,2873.75,3482.04,3885.20,14.55,,,SGP,,0.00,0.00,0.00,0.00,0.00,0.00,0.00,0.00,0.00
SVK,0.00,19.15,191.54,446.92,772.54,1276.92,1749.38,2068.61,2247.38,8.77,,,SVK,0.00,12.63,133.76,327.32,602.65,1048.17,1507.27,1869.88,2107.17,7.61,,,SVK,,0.00,0.00,0.00,0.00,0.00,0.00,0.00,0.00,0.00
SVN,0.00,10.74,107.39,250.58,433.14,715.93,980.82,1159.81,1260.04,4.92,,,SVN,0.00,17.74,187.75,456.14,829.87,1430.54,2031.13,2466.10,2708.11,10.13,,,SVN,,0.00,0.00,0.00,0.00,0.00,0.00,0.00,0.00,0.00
SLB,0.00,0.61,6.11,14.26,24.65,40.75,55.82,66.01,71.72,0.28,,,SLB,0.00,0.80,7.14,15.21,23.18,34.37,42.71,46.20,46.66,0.22,,,SLB,,0.00,0.00,0.00,0.00,0.00,0.00,0.00,0.00,0.00
ZAF,0.00,17.22,172.22,401.86,694.64,1148.16,1572.98,1860.02,2020.76,7.89,,,ZAF,0.00,4.92,47.37,107.45,178.46,284.56,377.64,434.90,464.07,1.90,,,ZAF,,0.00,0.01,0.03,0.06,0.10,0.14,0.17,0.19,0.71
ESP,0.00,9.57,95.67,223.22,385.86,637.78,873.76,1033.21,1122.50,4.38,,,ESP,0.00,23.71,250.05,602.41,1085.20,1872.68,2685.09,3293.17,3637.87,13.45,,,ESP,,0.00,0.01,0.01,0.02,0.03,0.04,0.04,0.05,0.21
LKA,0.00,0.71,7.11,16.59,28.67,47.39,64.92,76.77,83.40,0.33,,,LKA,0.00,2.07,21.33,50.97,91.71,158.40,226.91,281.41,322.26,1.16,,,LKA,,0.00,0.00,0.00,0.00,0.01,0.01,0.01,0.01,0.04
SDN,0.00,0.47,4.71,10.99,19.00,31.41,43.03,50.88,55.27,0.22,,,SDN,0.00,1.16,9.89,20.38,29.61,42.04,50.15,52.17,50.75,0.26,,,SDN,,0.00,0.01,0.03,0.06,0.14,0.25,0.37,0.50,1.36
SUR,0.00,5.27,52.69,122.94,212.51,351.26,481.23,569.05,618.22,2.41,,,SUR,0.00,5.82,57.46,133.29,229.81,380.45,523.09,623.58,687.20,2.64,,,SUR,,0.00,0.00,0.00,0.00,0.00,0.00,0.00,0.00,0.00
SWE,0.00,23.17,231.73,540.70,934.64,1544.86,2116.46,2502.68,2718.96,10.61,,,SWE,0.00,37.12,369.54,856.01,1447.35,2314.33,3052.50,3462.88,3611.53,15.15,,,SWE,,0.00,0.00,0.00,0.00,0.00,0.00,0.00,0.01,0.02
CHE,0.00,14.05,140.51,327.85,566.72,936.73,1283.32,1517.50,1648.64,6.44,,,CHE,0.00,51.57,511.99,1185.64,2018.88,3277.90,4398.44,5077.55,5380.71,21.90,,,CHE,,0.00,0.00,0.00,0.00,0.00,0.00,0.00,0.00,0.01
SYR,0.00,3.25,32.51,75.85,131.12,216.73,296.92,351.10,381.44,1.49,,,SYR,0.00,2.44,18.89,39.76,62.12,95.47,123.53,139.85,148.14,0.63,,,SYR,,0.00,0.00,0.01,0.01,0.02,0.03,0.04,0.05,0.17
TJK,0.00,5.57,55.74,130.07,224.84,371.63,509.13,602.04,654.07,2.55,,,TJK,0.00,0.46,4.13,8.92,13.79,20.76,26.25,28.90,29.65,0.13,,,TJK,,0.00,0.00,0.00,0.00,0.00,0.01,0.01,0.01,0.03
THA,0.00,2.83,28.31,66.05,114.17,188.71,258.54,305.72,332.14,1.30,,,THA,0.00,3.78,39.48,95.38,174.36,305.49,442.16,550.10,626.59,2.24,,,THA,,0.00,0.01,0.03,0.05,0.07,0.09,0.09,0.09,0.43
MKD,0.00,8.16,81.56,190.31,328.97,543.75,744.93,880.87,956.99,3.74,,,MKD,0.00,3.47,36.50,88.87,162.96,283.08,406.35,504.10,571.20,2.06,,,MKD,,0.00,0.00,0.00,0.00,0.00,0.00,0.00,0.00,0.00
TGO,0.00,0.30,2.96,6.90,11.92,19.70,26.99,31.92,34.68,0.14,,,TGO,0.00,0.29,2.49,5.15,7.51,10.72,12.86,13.48,13.23,0.07,,,TGO,,0.00,0.00,0.00,0.00,0.00,0.01,0.01,0.02,0.05
TON,0.00,1.13,11.35,26.47,45.76,75.64,103.63,122.54,133.13,0.52,,,TON,0.00,2.59,25.11,56.43,92.67,146.59,191.68,216.60,227.75,0.96,,,TON,,0.00,0.00,0.00,0.00,0.00,0.00,0.00,0.00,0.00
TTO,0.00,23.03,230.30,537.37,928.89,1535.35,2103.43,2487.27,2702.22,10.55,,,TTO,0.00,12.37,129.98,314.91,573.55,996.64,1433.18,1772.93,2001.87,7.24,,,TTO,,0.00,0.00,0.00,0.00,0.00,0.00,0.00,0.00,0.00
TUN,0.00,2.73,27.29,63.68,110.07,181.94,249.25,294.74,320.21,1.25,,,TUN,0.00,2.85,27.86,64.24,109.00,177.39,241.05,284.07,308.04,1.21,,,TUN,,0.00,0.00,0.00,0.00,0.00,0.00,0.01,0.01,0.02
TUR,0.00,4.32,43.22,100.84,174.31,288.12,394.72,466.75,507.09,1.98,,,TUR,0.00,6.71,67.00,154.36,262.20,429.20,587.08,699.17,770.86,2.98,,,TUR,,0.00,0.02,0.06,0.10,0.16,0.22,0.26,0.27,1.09
TKM,0.00,14.83,148.30,346.03,598.14,988.66,1354.47,1601.63,1740.05,6.79,,,TKM,0.00,2.88,27.21,60.98,99.61,157.68,209.23,240.86,256.58,1.06,,,TKM,,0.00,0.00,0.00,0.00,0.00,0.00,0.00,0.00,0.01
UGA,0.00,0.14,1.42,3.31,5.73,9.47,12.97,15.33,16.66,0.07,,,UGA,0.00,0.31,2.45,4.84,6.60,8.91,10.21,10.26,9.71,0.05,,,UGA,,0.00,0.01,0.04,0.10,0.26,0.50,0.80,1.13,2.83
UKR,0.00,17.75,177.48,414.12,715.83,1183.19,1620.97,1916.77,2082.42,8.13,,,UKR,0.00,2.40,26.47,66.16,124.22,218.81,316.71,392.04,438.65,1.59,,,UKR,,0.00,0.01,0.01,0.02,0.02,0.03,0.03,0.03,0.14
ARE,0.00,30.49,304.89,711.42,1229.74,2032.63,2784.71,3292.86,3577.43,13.96,,,ARE,0.00,22.43,211.09,468.98,758.18,1187.42,1554.12,1765.84,1861.17,7.83,,,ARE,,0.00,0.00,0.00,0.00,0.00,0.00,0.01,0.01,0.02
GBR,0.00,41.44,414.37,966.86,1671.28,2762.45,3784.55,4475.17,4861.91,18.98,,,GBR,0.00,27.76,278.76,648.47,1106.28,1793.33,2400.04,2760.89,2916.54,11.93,,,GBR,,0.00,0.01,0.03,0.06,0.10,0.15,0.18,0.21,0.75
TZA,0.00,0.17,1.66,3.86,6.68,11.04,15.12,17.88,19.42,0.08,,,TZA,0.00,0.38,3.12,6.18,8.45,11.35,12.87,12.73,11.82,0.07,,,TZA,,0.00,0.02,0.07,0.18,0.44,0.87,1.45,2.13,5.16
USA,0.00,52.90,528.95,1234.23,2133.45,3526.36,4831.12,5712.71,6206.40,24.23,,,USA,0.00,34.74,342.33,786.15,1323.23,2115.52,2782.65,3151.08,3292.32,13.83,,,USA,,0.04,0.37,0.89,1.61,2.82,4.15,5.29,6.15,21.32
URY,0.00,3.28,32.79,76.50,132.23,218.57,299.44,354.08,384.68,1.50,,,URY,0.00,8.87,90.59,213.71,373.88,622.72,858.98,1026.23,1132.01,4.33,,,URY,,0.00,0.00,0.00,0.00,0.00,0.00,0.00,0.00,0.00
UZB,0.00,7.90,79.04,184.44,318.81,526.96,721.93,853.67,927.45,3.62,,,UZB,0.00,0.90,8.66,19.67,32.89,53.33,72.49,85.76,93.84,0.37,,,UZB,,0.00,0.00,0.01,0.02,0.03,0.04,0.05,0.05,0.20
VUT,0.00,0.77,7.70,17.98,31.08,51.37,70.37,83.21,90.40,0.35,,,VUT,0.00,1.83,16.27,34.63,52.67,77.93,96.79,104.78,105.72,0.49,,,VUT,,0.00,0.00,0.00,0.00,0.00,0.00,0.00,0.00,0.00
VEN,0.00,11.88,118.76,277.12,479.02,791.76,1084.71,1282.65,1393.50,5.44,,,VEN,0.00,6.81,65.03,146.91,243.87,390.67,522.11,606.83,654.67,2.64,,,VEN,,0.00,0.00,0.01,0.02,0.03,0.05,0.05,0.06,0.22
VNM,0.00,1.18,11.78,27.48,47.50,78.51,107.56,127.18,138.17,0.54,,,VNM,0.00,0.91,8.86,20.42,34.71,56.66,77.30,91.62,100.01,0.39,,,VNM,,0.00,0.03,0.08,0.14,0.24,0.32,0.38,0.40,1.59
YEM,0.00,1.17,11.72,27.34,47.26,78.12,107.02,126.55,137.49,0.54,,,YEM,0.00,0.79,6.91,14.72,22.67,34.43,44.46,50.58,53.92,0.23,,,YEM,,0.00,0.00,0.01,0.02,0.05,0.07,0.09,0.10,0.34
ZMB,0,1.64888445,16.4888445,38.47397051,66.50500616,109.92563,150.5981131,178.0795206,193.4691088,0.755189078,,,ZMB,0.00,0.83,6.78,13.44,18.37,24.59,27.72,27.23,25.01,0.14,,,ZMB,,0.00,0.00,0.01,0.02,0.04,0.08,0.13,0.20,0.47
,,,,,,,,,,687,,,,,,,,,,,,,,,,,,,,,,,,,,687
